date,station,temperature,rainfall,pressure,windspeed,wind_beaufort
1987-05-01,Beijing,13.65,6,1016.0250000000001,4,Light
1987-05-02,Beijing,12.725,0.1,1017.9000000000001,4.5,Light
1987-05-03,Beijing,16.975,0,1017.9,7.5,Light
1987-05-04,Beijing,16.95,0,1016.45,8,Light
1987-05-05,Beijing,19.75,0,1012.1,3.5,Light
1987-05-06,Beijing,21.025,0,1007.0500000000001,9.5,Light
1987-05-07,Beijing,21.525,0,1009.6,5.5,Light
1987-05-08,Beijing,21.599999999999998,0,1011.5,8.5,Light
1987-05-09,Beijing,21.200000000000003,0,1015.125,4.5,Light
1987-05-10,Beijing,20.65,0,1015.0500000000001,6.5,Light
1987-05-11,Beijing,21.624999999999996,0,1010.6499999999999,5.5,Light
1987-05-12,Beijing,22.1,0,1013.925,6,Light
1987-05-13,Beijing,17.575,0,1019.025,9,Light
1987-05-14,Beijing,20.3,0,1008.225,7.5,Light
1987-05-15,Beijing,21.325,4,1002.6999999999999,6.5,Light
1987-05-16,Beijing,15.6,0,1012.125,10,Light
1987-05-17,Beijing,17.625,0,1008.35,5,Light
1987-05-18,Beijing,15.799999999999999,0,1004.575,2.5,Light
1987-05-19,Beijing,22.174999999999997,0,1012.3,6,Light
1987-05-20,Beijing,22.05,0,1009.025,4.5,Light
1987-05-21,Beijing,23.8,6,1003.7,5,Light
1987-05-22,Beijing,18.95,1,1000.675,3,Light
1987-05-23,Beijing,21.2,0,1004.975,6.5,Light
1987-05-24,Beijing,19.325,20.7,1010.4749999999999,3,Light
1987-05-25,Beijing,20.65,0,1015.0999999999999,4,Light
1987-05-26,Beijing,23.025,0,1016.7,6.5,Light
1987-05-27,Beijing,22.775,0,1016.825,4.5,Light
1987-05-28,Beijing,21.1,0,1011.275,4,Light
1987-05-29,Beijing,23.375,0,1007.75,5,Light
1987-05-30,Beijing,20.775,4,1009.125,3,Light
1987-05-31,Beijing,18.9,23.7,1008.75,3,Light
1987-06-01,Beijing,20.233333333333334,0,1006.4,3.3333333333333335,Light
1987-06-02,Beijing,21.725,0,1000.075,2,Light
1987-06-03,Beijing,24.7,0,1001.45,5,Light
1987-06-04,Beijing,27.724999999999998,0,1001.3499999999999,3.5,Light
1987-06-05,Beijing,16.05,31,1014.4,12.5,Moderate
1987-06-06,Beijing,17.875,0,1015.3000000000001,5.5,Light
1987-06-07,Beijing,23.4,0,1010.9499999999999,5,Light
1987-06-08,Beijing,24.275000000000002,0,1008.825,4,Light
1987-06-09,Beijing,24.924999999999997,0,1007.2750000000001,4.5,Light
1987-06-10,Beijing,24.65,0,1009.05,6,Light
1987-06-11,Beijing,22.8,0,1008.875,3.5,Light
1987-06-12,Beijing,25.95,0,1006.625,7,Light
1987-06-13,Beijing,24.15,0,1009.5999999999999,7.5,Light
1987-06-14,Beijing,23.025,0,1010,6.5,Light
1987-06-15,Beijing,24.975,0,1008.475,4.5,Light
1987-06-16,Beijing,24.6,0,1008.025,5,Light
1987-06-17,Beijing,24.6,9,1007.875,4,Light
1987-06-18,Beijing,20.925,14.3,1008.55,4,Light
1987-06-19,Beijing,24.85,0,1006.025,0.5,Light
1987-06-20,Beijing,26.325000000000003,0,1008.175,5.5,Light
1987-06-21,Beijing,26.125,0,1009.725,6,Light
1987-06-22,Beijing,22.299999999999997,15.7,1004.8,3.5,Light
1987-06-23,Beijing,20.6,19,1003.2249999999999,3.5,Light
1987-06-24,Beijing,23.525,0,1004.1250000000001,5,Light
1987-06-25,Beijing,23.45,0,1004.975,0.5,Light
1987-06-26,Beijing,24.1,2,1007.225,4.5,Light
1987-06-27,Beijing,23.875,0.3,1010.425,6.5,Light
1987-06-28,Beijing,22.374999999999996,1,1006.575,3.5,Light
1987-06-29,Beijing,23.225,0,1004,5,Light
1987-06-30,Beijing,22.95,0,1007.9750000000001,6,Light
1987-07-01,Beijing,23.766666666666666,0,1007.3333333333334,4,Light
1987-07-02,Beijing,22.099999999999998,0.2,1004.0666666666666,3.3333333333333335,Light
1987-07-03,Beijing,26,0,1000.575,7,Light
1987-07-04,Beijing,26.4,1,998.7750000000001,4,Light
1987-07-05,Beijing,25.75,0,1000.4,6,Light
1987-07-06,Beijing,25.675,0,1003.9749999999999,3.5,Light
1987-07-07,Beijing,26.099999999999998,0,1002.9666666666666,3.3333333333333335,Light
1987-07-08,Beijing,27.150000000000002,0.1,1004.875,3,Light
1987-07-09,Beijing,24.475,12.1,1004.975,4,Light
1987-07-10,Beijing,25.425,13.6,996.5749999999999,3,Light
1987-07-11,Beijing,29.825000000000003,0,997.9999999999999,2.5,Light
1987-07-12,Beijing,27.099999999999998,0.1,1002.1750000000001,8,Light
1987-07-13,Beijing,26.900000000000002,0.3,1006.2666666666668,6,Light
1987-07-14,Beijing,23.4,53,1007.575,4.5,Light
1987-07-15,Beijing,21.625,2.3,1006.4250000000001,4,Light
1987-07-16,Beijing,26.450000000000003,0,1002.625,4.5,Light
1987-07-17,Beijing,28.25,0,1002.9,6,Light
1987-07-18,Beijing,27.549999999999997,0,1002.2750000000001,3,Light
1987-07-19,Beijing,28.1,0,999.525,5.5,Light
1987-07-20,Beijing,23.875,22.5,999,2.5,Light
1987-07-21,Beijing,24.125,2,996.2249999999999,4,Light
1987-07-22,Beijing,27.63333333333333,0,998.9333333333333,4.666666666666667,Light
1987-07-23,Beijing,27.574999999999996,0,1003.1999999999999,6,Light
1987-07-24,Beijing,28.35,0,1003.1999999999999,6.5,Light
1987-07-25,Beijing,29.325,0,1005.0999999999999,3,Light
1987-07-26,Beijing,28.875,0,1007.9250000000001,5.5,Light
1987-07-27,Beijing,28.225,0,1007.5250000000001,3,Light
1987-07-28,Beijing,29.325000000000003,0,1004.875,2.5,Light
1987-07-29,Beijing,28.224999999999998,0,1001.075,4.5,Light
1987-07-30,Beijing,29.65,0,997.225,1.5,Light
1987-07-31,Beijing,30.75,0,997.7,5,Light
1987-08-01,Beijing,24.1,0,1001.5,3.5,Light
1987-08-02,Beijing,27.35,0.1,1002.7,2,Light
1987-08-03,Beijing,21.55,26,1005.05,6,Light
1987-08-04,Beijing,27.825,0,1003.1750000000001,3.5,Light
1987-08-05,Beijing,28.95,0,1005.175,3,Light
1987-08-06,Beijing,22.074999999999996,19,1004.2750000000001,2.5,Light
1987-08-07,Beijing,23.425,0,998.2,3,Light
1987-08-08,Beijing,25.125,0,1002.7249999999999,2.5,Light
1987-08-09,Beijing,26.5,0,1007.1500000000001,4,Light
1987-08-10,Beijing,25.975,1,1010.4,4.5,Light
1987-08-11,Beijing,25.725,0,1014.4499999999999,3.5,Light
1987-08-12,Beijing,26.375,0,1013.8499999999999,3.5,Light
1987-08-13,Beijing,22.875,62,1012.8000000000001,3,Light
1987-08-14,Beijing,19.95,31,1010.375,1.5,Light
1987-08-15,Beijing,23.3,0,1006.375,3,Light
1987-08-16,Beijing,24.225,0,1005.525,3,Light
1987-08-17,Beijing,25.549999999999997,0.1,1006.925,4,Light
1987-08-18,Beijing,23.35,45,1006.825,4.5,Light
1987-08-19,Beijing,24.325,0.9,1003.4749999999999,2.5,Light
1987-08-20,Beijing,26.174999999999997,0,1003.85,1.5,Light
1987-08-21,Beijing,27.425,0,1006.025,4,Light
1987-08-22,Beijing,24.65,1,1007.2500000000001,3,Light
1987-08-23,Beijing,24.1,4,1004.9,4,Light
1987-08-24,Beijing,24.15,15.1,1003.575,3.5,Light
1987-08-25,Beijing,25.4,0.1,1003.625,1.5,Light
1987-08-26,Beijing,21.825000000000003,41,999.9499999999999,6.5,Light
1987-08-27,Beijing,25.4,0,996.8499999999999,4.5,Light
1987-08-28,Beijing,26.375,0,999.75,2.5,Light
1987-08-29,Beijing,25.1,0,1002.425,3.5,Light
1987-08-30,Beijing,24.03333333333333,0,1005.8666666666668,6.666666666666667,Light
1987-08-31,Beijing,24.175,0,1009.2,4,Light
1987-09-01,Beijing,24.55,0,1012.175,5.5,Light
1987-09-02,Beijing,24.775,1,1011.9,2.5,Light
1987-09-03,Beijing,20.2,11,1009.7,4,Light
1987-09-04,Beijing,22.975,2,1008.65,8,Light
1987-09-05,Beijing,21.849999999999998,3,1011.5,4.5,Light
1987-09-06,Beijing,18.5,10,1013.55,4,Light
1987-09-07,Beijing,20.299999999999997,0,1013.5250000000001,2.5,Light
1987-09-08,Beijing,21.65,0,1012.45,9,Light
1987-09-09,Beijing,21.949999999999996,0,1015.025,2,Light
1987-09-10,Beijing,23.225,0,1019.025,1,Light
1987-09-11,Beijing,23.549999999999997,0,1019.775,4.5,Light
1987-09-12,Beijing,23.075,0,1015.2750000000001,3.5,Light
1987-09-13,Beijing,23.700000000000003,0,1012.55,2.5,Light
1987-09-14,Beijing,23.2,2,1014.7666666666668,5.333333333333333,Light
1987-09-15,Beijing,19.924999999999997,0,1021.075,2,Light
1987-09-16,Beijing,18.9,0,1017.625,6.5,Light
1987-09-17,Beijing,21.025,0,1012.4000000000001,4,Light
1987-09-18,Beijing,22.424999999999997,0,1007.125,2,Light
1987-09-19,Beijing,24.35,0,1005.05,3.5,Light
1987-09-20,Beijing,22.650000000000002,0,1012.8,5,Light
1987-09-21,Beijing,20.500000000000004,0,1019.325,3,Light
1987-09-22,Beijing,22.075,0,1018.575,2.5,Light
1987-09-23,Beijing,22.550000000000004,2,1013.575,5,Light
1987-09-24,Beijing,17.549999999999997,4,1015.75,12,Moderate
1987-09-25,Beijing,16.175,0,1023.1500000000001,7.5,Light
1987-09-26,Beijing,16.849999999999998,0,1019.925,4.5,Light
1987-09-27,Beijing,18.474999999999998,0,1017.475,3,Light
1987-09-28,Beijing,16.325,0.2,1017.125,2,Light
1987-09-29,Beijing,17.75,0,1016.2,2,Light
1987-09-30,Beijing,18.875,0,1014.7,3.5,Light
1987-10-01,Beijing,20.625,0,1013.1999999999999,5,Light
1987-10-02,Beijing,19.1,0,1014.4749999999999,4,Light
1987-10-03,Beijing,21.125000000000004,0,1011.8249999999999,5,Light
1987-10-04,Beijing,20.375,0,1010.7750000000001,1.5,Light
1987-10-05,Beijing,19.75,0,1011.875,2,Light
1987-10-06,Beijing,19.325,0,1018.175,9,Light
1987-10-07,Beijing,17.075,0,1021.35,6.5,Light
1987-10-08,Beijing,16.5,0,1017.1999999999999,2,Light
1987-10-09,Beijing,18.025000000000002,0,1015.7,3,Light
1987-10-10,Beijing,18.9,0,1011.9499999999999,3.5,Light
1987-10-11,Beijing,17.8,0,1019.95,6.5,Light
1987-10-12,Beijing,15.825,0,1025.0749999999998,4.5,Light
1987-10-13,Beijing,13.975000000000001,0,1024.0749999999998,3,Light
1987-10-14,Beijing,13.166666666666666,0,1028.4333333333334,5.333333333333333,Light
1987-10-15,Beijing,11.575000000000001,0,1025.225,2.5,Light
1987-10-16,Beijing,10.65,0.2,1017.4000000000001,1,Light
1987-10-17,Beijing,15.725,0,1016.45,9,Light
1987-10-18,Beijing,10.725,0,1018.4250000000001,9.5,Light
1987-10-19,Beijing,5.8,0,1021.7999999999998,7.333333333333333,Light
1987-10-20,Beijing,8.325,0,1023.425,4,Light
1987-10-21,Beijing,9,0,1025.375,4.5,Light
1987-10-22,Beijing,8.549999999999999,0,1024.225,2,Light
1987-10-23,Beijing,9.775,0,1026.8,2,Light
1987-10-24,Beijing,9.950000000000001,0,1028.2,5,Light
1987-10-25,Beijing,10.025,0,1023.5999999999999,2,Light
1987-10-26,Beijing,9.525,0,1018.525,3,Light
1987-10-27,Beijing,12.600000000000001,0,1016.525,3,Light
1987-10-28,Beijing,12.575000000000001,0,1011.725,4,Light
1987-10-29,Beijing,11.924999999999999,0,1022.9000000000001,15,Moderate
1987-10-30,Beijing,7.1,0,1032.25,7.5,Light
NA,Beijing,2.8750000000000004,13,1031.575,1,Light
2015-05-01,Beijing,17.4625,9,1009.65,5.5,Light
2015-05-02,Beijing,20.025000000000002,0.1,1009.9375,3.75,Light
2015-05-03,Beijing,19.15,0,1015.5625,7.5,Light
2015-05-04,Beijing,18.5125,0,1011.1625,8,Light
2015-05-05,Beijing,21.0875,0,1006.4625,5.5,Light
2015-05-06,Beijing,17.075,0,1011.5124999999999,4,Light
2015-05-07,Beijing,18.762499999999996,0,1010.5124999999999,5.25,Light
2015-05-08,Beijing,18,0,1011.5499999999998,5,Light
2015-05-09,Beijing,13.025,0,1017.4375000000001,3.25,Light
2015-05-10,Beijing,9.737499999999999,24.1,1014.4249999999998,3.5,Light
2015-05-11,Beijing,14.312500000000002,0.1,1003.025,5.75,Light
2015-05-12,Beijing,18.85,0,994.2125,3.75,Light
2015-05-13,Beijing,24.55,0,996.8750000000001,5.75,Light
2015-05-14,Beijing,22.1625,0,1009.4125,4.5,Light
2015-05-15,Beijing,19.6,0,1014.2000000000002,6,Light
2015-05-16,Beijing,23.275000000000002,0,1006.2124999999999,7,Light
2015-05-17,Beijing,23.125,0.2,997.7375,4.5,Light
2015-05-18,Beijing,23.962500000000002,0.1,1003.1750000000001,6.75,Light
2015-05-19,Beijing,22.812500000000004,0,1010.25,8.25,Light
2015-05-20,Beijing,23.7,0,1014.3375,6.25,Light
2015-05-21,Beijing,22.2375,0,1010.925,8.75,Light
2015-05-22,Beijing,22.925000000000004,0,1008.65,3.75,Light
2015-05-23,Beijing,25.037499999999998,0,1007.4124999999999,4.25,Light
2015-05-24,Beijing,26.325,0,1005.4875,6.25,Light
2015-05-25,Beijing,27.125000000000004,0,1005.6625000000001,5.75,Light
2015-05-26,Beijing,27.1875,0,1005.0875,6.75,Light
2015-05-27,Beijing,26.325,0,1004.125,4.75,Light
2015-05-28,Beijing,25.5625,0,1004.05,4.25,Light
2015-05-29,Beijing,23.875,0.8,1006.0875000000001,3.5,Light
2015-05-30,Beijing,24.912499999999998,0,1005.6624999999999,6,Light
2015-05-31,Beijing,28,0,999.5125,6.25,Light
2015-06-01,Beijing,27.312499999999996,0,1001.8125,4.25,Light
2015-06-02,Beijing,26.150000000000002,0,1010.4499999999999,6.75,Light
2015-06-03,Beijing,26.575000000000003,0,1010.4625,5,Light
2015-06-04,Beijing,19.1625,5,1001.975,3.75,Light
2015-06-05,Beijing,25.425000000000004,0,998.5375,5.25,Light
2015-06-06,Beijing,22.412499999999998,0.7,1003.475,4,Light
2015-06-07,Beijing,21.112499999999997,0.1,1007.9874999999998,3,Light
2015-06-08,Beijing,24.6,0.3,1003.0625,3.5,Light
2015-06-09,Beijing,24.15,3,1000.9374999999999,6.5,Light
2015-06-10,Beijing,20.825,9.9,998.8,3.5,Light
2015-06-11,Beijing,23.675,5,997.0374999999999,7,Light
2015-06-12,Beijing,25.65,0,998.4875000000001,7.25,Light
2015-06-13,Beijing,23.075000000000003,0.4,1006.4375000000001,4.75,Light
2015-06-14,Beijing,26.612499999999997,0,1007.7750000000001,4.5,Light
2015-06-15,Beijing,26.8125,0,1005.2249999999999,4,Light
2015-06-16,Beijing,27.4625,0,1002.7625,4.5,Light
2015-06-17,Beijing,25.8625,12,1003.5375,3.25,Light
2015-06-18,Beijing,27.650000000000002,0,1005.6,4.75,Light
2015-06-19,Beijing,20.087500000000002,2.1,1011.2125000000001,4.25,Light
2015-06-20,Beijing,25.8625,0,1010.5124999999999,3.75,Light
2015-06-21,Beijing,27.1375,0,1006.825,4.5,Light
2015-06-22,Beijing,26.075000000000003,0.3,1005.7875,4.5,Light
2015-06-23,Beijing,27.237499999999997,0.3,1006.275,5.25,Light
2015-06-24,Beijing,24.5625,0,1004.4250000000001,3.75,Light
2015-06-25,Beijing,24.362499999999997,2,1000.3375,3.75,Light
2015-06-26,Beijing,24.237499999999997,6,1001.2249999999999,3.5,Light
2015-06-27,Beijing,26.075,0,1005.775,3.25,Light
2015-06-28,Beijing,27.787499999999998,0,1004.5875000000001,4.25,Light
2015-06-29,Beijing,21.937500000000004,0.1,1006.0374999999999,4.5,Light
2015-06-30,Beijing,21.9,1.2000000000000002,999.9625,5.75,Light
2015-07-01,Beijing,26.275000000000002,1,998.7625,4.75,Light
2015-07-02,Beijing,26.95,0,1003.4250000000001,4.25,Light
2015-07-03,Beijing,25.400000000000002,0,1008.8375000000001,3.75,Light
2015-07-04,Beijing,21.625,1,1009.575,2.75,Light
2015-07-05,Beijing,24.7125,0,1009.8375000000001,3.25,Light
2015-07-06,Beijing,26.1125,0,1009.825,4.5,Light
2015-07-07,Beijing,27.400000000000002,0,1008.7125000000001,5,Light
2015-07-08,Beijing,27.849999999999998,0,1010.6374999999999,4.75,Light
2015-07-09,Beijing,28.062500000000004,0,1012.0000000000001,4.75,Light
2015-07-10,Beijing,28.224999999999998,0,1009.325,5,Light
2015-07-11,Beijing,29.412499999999998,0,1005.35,3.75,Light
2015-07-12,Beijing,30.874999999999996,0,997.7,4.75,Light
2015-07-13,Beijing,32.4875,0.2,999.0125,4.25,Light
2015-07-14,Beijing,30.3875,0.30000000000000004,1003.45,3.5,Light
2015-07-15,Beijing,27.224999999999998,7,1006.0124999999999,5,Light
2015-07-16,Beijing,23.324999999999996,1,1007.2249999999999,5.75,Light
2015-07-17,Beijing,23.475,12,1006.425,4,Light
2015-07-18,Beijing,23.4,48.7,1006.4625,3,Light
2015-07-19,Beijing,24.0625,1.2000000000000002,1007.825,3.25,Light
2015-07-20,Beijing,26.075,0.8,1006.6375,3.75,Light
2015-07-21,Beijing,25.049999999999997,0,1004.5500000000001,3.25,Light
2015-07-22,Beijing,25.825,4,1004.0374999999998,3,Light
2015-07-23,Beijing,26.312500000000004,4,1002.9875000000001,3,Light
2015-07-24,Beijing,26.837500000000002,0,1001.0125,3,Light
2015-07-25,Beijing,28.549999999999997,0,1000.5000000000001,4.5,Light
2015-07-26,Beijing,29.999999999999996,0,1003.6625,3,Light
2015-07-27,Beijing,28.049999999999997,28,1003.6125,5,Light
2015-07-28,Beijing,27.750000000000004,0.4,1001.8999999999999,3,Light
2015-07-29,Beijing,27.8375,1,1001.1000000000001,3.75,Light
2015-07-30,Beijing,24.475,2.6,1005.5,4.75,Light
2015-07-31,Beijing,26.4625,0.2,1007.2124999999999,3.5,Light
2015-08-01,Beijing,24.950000000000003,32,1005.3625,2.75,Light
2015-08-02,Beijing,26.6125,0.6,1002.05,2.5,Light
2015-08-03,Beijing,24.612500000000004,0.2,1001.5875,3,Light
2015-08-04,Beijing,27.325000000000003,0,1001.1375,4,Light
2015-08-05,Beijing,27.0375,0,1003.3124999999999,4,Light
2015-08-06,Beijing,27.1375,0,1008.0125000000002,3.5,Light
2015-08-07,Beijing,24.5875,8,1012.8000000000001,4.25,Light
2015-08-08,Beijing,26.675,0.1,1011.875,4,Light
2015-08-09,Beijing,28.825,0,1009.9,3,Light
2015-08-10,Beijing,30.0375,0,1009.0000000000001,4.25,Light
2015-08-11,Beijing,29.312499999999996,0,1007.6125,3.25,Light
2015-08-12,Beijing,29.775,0,1005.2499999999999,5,Light
2015-08-13,Beijing,29.650000000000002,0,1002.625,5.25,Light
2015-08-14,Beijing,28.412499999999998,0,1003.4250000000001,3.25,Light
2015-08-15,Beijing,28.85,0,1004.95,4.25,Light
2015-08-16,Beijing,29.062500000000004,0,1004.9375,4,Light
2015-08-17,Beijing,28.762499999999996,0,1006.8999999999999,3.5,Light
2015-08-18,Beijing,25.125,0.3,1010.6125,5,Light
2015-08-19,Beijing,24.912500000000005,0.9,1010.35,3.5,Light
2015-08-20,Beijing,27.3625,0,1007.025,4.25,Light
2015-08-21,Beijing,28.175,0,1004.5375,4,Light
2015-08-22,Beijing,26.85,0,1006.1125,5.5,Light
2015-08-23,Beijing,23.35,2,1010,3.5,Light
2015-08-24,Beijing,25.362500000000004,0,1010.5500000000001,3,Light
2015-08-25,Beijing,25.725,0,1009.7125000000001,3.25,Light
2015-08-26,Beijing,26.862500000000004,0,1008.9875000000001,3.75,Light
2015-08-27,Beijing,26.8125,0,1008.7249999999999,3.75,Light
2015-08-28,Beijing,26.525000000000002,0,1007.4375,4,Light
2015-08-29,Beijing,25.7375,4,1009.2875,4.25,Light
2015-08-30,Beijing,21.162499999999998,26.400000000000002,1012.0625000000001,3.5,Light
2015-08-31,Beijing,20.5125,12.3,1012.675,3.5,Light
2015-09-01,Beijing,21.137499999999996,4.1,1012.9125,3.75,Light
2015-09-02,Beijing,25.1,0,1012.8625,3.5,Light
2015-09-03,Beijing,26.45,0,1013.6375,3.75,Light
2015-09-04,Beijing,20.4875,36,1011.35,4.25,Light
2015-09-05,Beijing,18.375,11.1,1011.6125,4.25,Light
2015-09-06,Beijing,22.275000000000002,0,1013.1249999999999,2.75,Light
2015-09-07,Beijing,23.3625,0,1013.575,3.5,Light
2015-09-08,Beijing,23.6,0,1015.6250000000001,2.75,Light
2015-09-09,Beijing,21.7375,0,1020.625,4,Light
2015-09-10,Beijing,15.8375,4.3,1020.1875,3.5,Light
2015-09-11,Beijing,18.2,6.3,1015.9375,4.75,Light
2015-09-12,Beijing,20,0,1016.8375,6,Light
2015-09-13,Beijing,22.55,0,1016.0500000000001,3.75,Light
2015-09-14,Beijing,20.8125,0,1019.3749999999999,2.75,Light
2015-09-15,Beijing,20.3875,0,1019,2.25,Light
2015-09-16,Beijing,21.55,0,1017.7875,3,Light
2015-09-17,Beijing,23.3,0.4,1016.4875000000001,3.75,Light
2015-09-18,Beijing,23.387500000000003,0.2,1016.8249999999999,2.75,Light
2015-09-19,Beijing,23.125,0,1015.8875000000002,3,Light
2015-09-20,Beijing,22.1875,0,1012.275,4.25,Light
2015-09-21,Beijing,23.05,0,1010.9375000000001,3.25,Light
2015-09-22,Beijing,20.6625,0,1009.325,4.5,Light
2015-09-23,Beijing,21.8375,0,1009.3000000000001,3,Light
2015-09-24,Beijing,20.075000000000003,4,1009.4499999999999,3.75,Light
2015-09-25,Beijing,19.3625,4,1012.0375,3.5,Light
2015-09-26,Beijing,21.0375,0,1013.2249999999999,4.25,Light
2015-09-27,Beijing,22.899999999999995,0,1015.725,3.5,Light
2015-09-28,Beijing,17.15,0.8,1025.325,3.25,Light
2015-09-29,Beijing,14.674999999999999,12,1027.9250000000002,2.75,Light
2015-09-30,Beijing,16.0625,8.1,1015.3999999999999,5,Light
2015-10-01,Beijing,16.075,3,1013.05,5.75,Light
2015-10-02,Beijing,19.437499999999996,0,1012.5749999999999,4.25,Light
2015-10-03,Beijing,18.625,0,1021.5625,4.5,Light
2015-10-04,Beijing,18.3625,0,1021.6625,2.75,Light
2015-10-05,Beijing,18.900000000000002,0,1017.4749999999999,2.25,Light
2015-10-06,Beijing,20.299999999999997,0,1015.6750000000001,2.25,Light
2015-10-07,Beijing,20.450000000000003,0,1015.7249999999999,5,Light
2015-10-08,Beijing,14.5,0,1017.475,5,Light
2015-10-09,Beijing,14.687499999999998,0,1012.3875000000002,7.25,Light
2015-10-10,Beijing,14.0125,0,1016.8124999999999,8,Light
2015-10-11,Beijing,17,0,1019.1249999999999,5.25,Light
2015-10-12,Beijing,17.2,0,1020.6250000000001,3,Light
2015-10-13,Beijing,18.787499999999998,0,1019.05,3,Light
2015-10-14,Beijing,16.5875,0,1017.175,3.75,Light
2015-10-15,Beijing,18.025000000000002,0,1017.1750000000001,2.5,Light
2015-10-16,Beijing,17.225,0,1017.4125,2.75,Light
2015-10-17,Beijing,17.7125,0,1018.7374999999998,3.5,Light
2015-10-18,Beijing,14.437500000000002,0,1023.7,3.25,Light
2015-10-19,Beijing,14.575,0,1015.875,3.25,Light
2015-10-20,Beijing,12.725000000000001,0.3,1018.9875,4.25,Light
2015-10-21,Beijing,9.85,2,1025.5125,2.5,Light
2015-10-22,Beijing,9.999999999999998,8.7,1022.975,2.25,Light
2015-10-23,Beijing,13.024999999999999,0,1018.3375,3.5,Light
2015-10-24,Beijing,13.937500000000002,0,1027.7125,3.25,Light
2015-10-25,Beijing,10.9875,5,1025.1375,3.5,Light
2015-10-26,Beijing,11.262500000000001,0.1,1017.875,6,Light
2015-10-27,Beijing,11.3375,0,1017.8999999999999,3.75,Light
2015-10-28,Beijing,11.037499999999998,0,1024.1000000000001,5.75,Light
2015-10-29,Beijing,8.049999999999999,0,1028.7749999999999,5.25,Light
2015-10-30,Beijing,7.625000000000001,0,1031.5875,3.25,Light
2015-10-31,Beijing,9.062499999999998,0,1029.325,2.5,Light
1987-05-01,Jacksonville,23.825000000000003,0,1015.625,6.375,Light
1987-05-02,Jacksonville,23.425,0,1014.6875,5.625,Light
1987-05-03,Jacksonville,21.71666666666667,0,1015.7999999999998,4.666666666666667,Light
1987-05-04,Jacksonville,24.4,0,1017.1,3.25,Light
1987-05-05,Jacksonville,21.062500000000004,0,1018.2875000000001,8.125,Light
1987-05-06,Jacksonville,20.075000000000003,0,1020.1125000000001,9.25,Light
1987-05-07,Jacksonville,19.475,0,1017.7375,3.75,Light
1987-05-08,Jacksonville,21.875,3.3,1015.3999999999999,3.625,Light
1987-05-09,Jacksonville,22.875,0,1018.5875,11.375,Moderate
1987-05-10,Jacksonville,19.8,0,1021.2,6.25,Light
1987-05-11,Jacksonville,21,0,1020.1875,5.625,Light
1987-05-12,Jacksonville,23.437499999999996,0,1017.8375,5.75,Light
1987-05-13,Jacksonville,23.075,12,1017.9375,6.875,Light
1987-05-14,Jacksonville,22.6625,0,1019.75,5.625,Light
1987-05-15,Jacksonville,23.150000000000002,7,1018.1500000000001,6.5,Light
1987-05-16,Jacksonville,23.1375,0,1017.5625000000001,4.875,Light
1987-05-17,Jacksonville,23.3625,0,1019.5125,5.375,Light
1987-05-18,Jacksonville,23.85,0,1019.2625,5.5,Light
1987-05-19,Jacksonville,24.185714285714287,0,1017.5285714285714,4.714285714285714,Light
1987-05-20,Jacksonville,23.74285714285714,0,1017.3142857142858,2.5714285714285716,Light
1987-05-21,Jacksonville,25.757142857142856,0,1017.8142857142858,4.571428571428571,Light
1987-05-22,Jacksonville,24.085714285714285,0,1020.6142857142858,6.571428571428571,Light
1987-05-23,Jacksonville,22.8,0,1021.2857142857143,4.285714285714286,Light
1987-05-24,Jacksonville,23.2,0,1020.5571428571428,4.714285714285714,Light
1987-05-25,Jacksonville,23.542857142857144,0,1020.2142857142857,4.142857142857143,Light
1987-05-26,Jacksonville,22.185714285714283,0,1020.9571428571428,5.571428571428571,Light
1987-05-27,Jacksonville,22.737499999999997,0,1021.7375,5.75,Light
1987-05-28,Jacksonville,24.312500000000004,0,1021.5999999999999,6.125,Light
1987-05-29,Jacksonville,24.3125,0.5,1020.75,7.75,Light
1987-05-30,Jacksonville,24.025000000000002,0,1019.8125000000001,7.125,Light
1987-05-31,Jacksonville,23.700000000000003,0,1019.2875,5.625,Light
1987-06-01,Jacksonville,25.633333333333336,0,1019.4833333333332,3,Light
1987-06-02,Jacksonville,27.299999999999997,0,1018.6375,4.5,Light
1987-06-03,Jacksonville,27.862499999999997,0,1018.6625,5.5,Light
1987-06-04,Jacksonville,27.242857142857137,0,1017.5714285714286,4.428571428571429,Light
1987-06-05,Jacksonville,25.74285714285714,0,1017.6142857142859,17.125,Fresh
1987-06-06,Jacksonville,24.875000000000004,0.5,1019.7375,5.25,Light
1987-06-07,Jacksonville,23.575000000000003,0,1023,6.75,Light
1987-06-08,Jacksonville,22.875,0,1024.0500000000002,5.125,Light
1987-06-09,Jacksonville,23.77142857142857,0,1022.3999999999999,5.857142857142857,Light
1987-06-10,Jacksonville,26.125,0,1019.9857142857144,3.75,Light
1987-06-11,Jacksonville,26.825000000000003,0,1020.0624999999999,5,Light
1987-06-12,Jacksonville,26.762500000000003,0,1020.8625,4.625,Light
1987-06-13,Jacksonville,27.012500000000003,1,1018.55,7.25,Light
1987-06-14,Jacksonville,24.537499999999998,13,1016.5500000000001,4.625,Light
1987-06-15,Jacksonville,27.1,4,1016.5125000000002,5.875,Light
1987-06-16,Jacksonville,27.9375,0,1016.225,4.25,Light
1987-06-17,Jacksonville,26.1875,8,1017.2375000000001,3.25,Light
1987-06-18,Jacksonville,27.862499999999997,0.3,1019.4375,3.25,Light
1987-06-19,Jacksonville,28.0125,0,1019.1750000000001,3.75,Light
1987-06-20,Jacksonville,28.5625,0,1017.25,5.625,Light
1987-06-21,Jacksonville,25.971428571428568,25,1016.1249999999999,2.125,Light
1987-06-22,Jacksonville,26.400000000000002,19,1015.5749999999998,4,Light
1987-06-23,Jacksonville,26.514285714285716,0.3,1014.9,4.142857142857143,Light
1987-06-24,Jacksonville,27.25,14,1014.3125,5.5,Light
1987-06-25,Jacksonville,28.15,0,1012.975,5.125,Light
1987-06-26,Jacksonville,28.025,2,1012.35,7,Light
1987-06-27,Jacksonville,27.599999999999998,5,1011.0124999999999,6.625,Light
1987-06-28,Jacksonville,26.674999999999997,0,1014.3375,3.875,Light
1987-06-29,Jacksonville,26.942857142857143,0,1018.3142857142858,4.714285714285714,Light
1987-06-30,Jacksonville,26.875,0,1019.7625,4.625,Light
1987-07-01,Jacksonville,25.599999999999998,0,1019.4399999999999,2,Light
1987-07-02,Jacksonville,29.433333333333334,0,1017.4333333333333,7.833333333333333,Light
1987-07-03,Jacksonville,27.714285714285715,0,1017.9428571428572,5.714285714285714,Light
1987-07-04,Jacksonville,26.399999999999995,7,1018.6624999999999,4.625,Light
1987-07-05,Jacksonville,27.025,12,1019.2625,4,Light
1987-07-06,Jacksonville,27.437499999999996,0.8,1020.4875000000001,3.5,Light
1987-07-07,Jacksonville,27.200000000000003,0,1020.0166666666668,2.1666666666666665,Light
1987-07-08,Jacksonville,27.237500000000004,3,1019.3000000000001,3.875,Light
1987-07-09,Jacksonville,28.3625,0,1019.5625,3.5,Light
1987-07-10,Jacksonville,27.328571428571426,2,1019.0571428571429,2.857142857142857,Light
1987-07-11,Jacksonville,28.55,0,1016.7749999999999,3,Light
1987-07-12,Jacksonville,30.487499999999997,0,1014.875,4,Light
1987-07-13,Jacksonville,30.357142857142858,0,1013.5,4.714285714285714,Light
1987-07-14,Jacksonville,29.462500000000002,0,1012.8874999999998,4.875,Light
1987-07-15,Jacksonville,26.7625,13,1014.175,5.75,Light
1987-07-16,Jacksonville,27.799999999999997,4,1016.0125,5.875,Light
1987-07-17,Jacksonville,25.799999999999997,0,1019.5999999999999,6.125,Light
1987-07-18,Jacksonville,26.675,0.3,1020.7,10.5,Light
1987-07-19,Jacksonville,24.249999999999996,8,1020.375,6.875,Light
1987-07-20,Jacksonville,25.0125,2,1021.0875,5.625,Light
1987-07-21,Jacksonville,26.6875,4.3,1022.15,4.75,Light
1987-07-22,Jacksonville,25.53333333333333,0,1021.1833333333333,3,Light
1987-07-23,Jacksonville,27.3125,0,1017.3375,3.375,Light
1987-07-24,Jacksonville,27.571428571428566,0,1017.9857142857144,4.428571428571429,Light
1987-07-25,Jacksonville,26.0625,0,1019.1375,3.5,Light
1987-07-26,Jacksonville,27.174999999999997,0,1017.8874999999999,2.25,Light
1987-07-27,Jacksonville,27.312499999999996,10,1016.0874999999999,4.875,Light
1987-07-28,Jacksonville,29.375000000000004,0,1014.3375,7.375,Light
1987-07-29,Jacksonville,28.58571428571429,6,1013.1714285714287,5.571428571428571,Light
1987-07-30,Jacksonville,25.724999999999998,5,1015.7,4.25,Light
1987-07-31,Jacksonville,26.699999999999996,0.3,1017.0714285714286,0.42857142857142855,Light
1987-08-01,Jacksonville,25.662499999999998,33,1015.1750000000001,2.375,Light
1987-08-02,Jacksonville,27.699999999999996,1,1013.1999999999999,3.25,Light
1987-08-03,Jacksonville,28.262500000000003,0,1013.5375,3.625,Light
1987-08-04,Jacksonville,28.67142857142857,0,1013.7857142857141,6,Light
1987-08-05,Jacksonville,29.5375,1,1013.1875,6.5,Light
1987-08-06,Jacksonville,29.95,0,1014.6125,4.125,Light
1987-08-07,Jacksonville,30.237500000000004,0,1016.8500000000001,4,Light
1987-08-08,Jacksonville,30.8625,0,1016.9750000000001,5.75,Light
1987-08-09,Jacksonville,30.312499999999996,0,1015.475,3.875,Light
1987-08-10,Jacksonville,29.4,12,1013.3874999999999,5.25,Light
1987-08-11,Jacksonville,28.4125,0,1011.3875,4.375,Light
1987-08-12,Jacksonville,26.9,0,1011.6,4.25,Light
1987-08-13,Jacksonville,25.075,39,1012.6999999999999,4.5,Light
1987-08-14,Jacksonville,26.0125,3.8,1014.0875,5.125,Light
1987-08-15,Jacksonville,25.087500000000002,2,1015.9124999999999,3.875,Light
1987-08-16,Jacksonville,26.55,0,1016.5,4.25,Light
1987-08-17,Jacksonville,28.5,0,1017.3375,5.125,Light
1987-08-18,Jacksonville,25.6625,0,1017.0500000000001,4,Light
1987-08-19,Jacksonville,29.825,0,1016.4499999999999,3.625,Light
1987-08-20,Jacksonville,28.9125,0,1017.1875000000001,3.75,Light
1987-08-21,Jacksonville,25.987499999999997,9,1021.0375,5.5,Light
1987-08-22,Jacksonville,26.7625,0,1022.0874999999999,4.5,Light
1987-08-23,Jacksonville,26.475,0,1020.1625,3.5,Light
1987-08-24,Jacksonville,29.049999999999997,0,1019.2125,4.75,Light
1987-08-25,Jacksonville,27.45,41,1021.0124999999999,2,Light
1987-08-26,Jacksonville,27.450000000000003,0,1022.2125,2.875,Light
1987-08-27,Jacksonville,27.662499999999994,2,1021.8874999999999,3.25,Light
1987-08-28,Jacksonville,28.84285714285715,0,1020.4571428571428,3.142857142857143,Light
1987-08-29,Jacksonville,29.4,0,1019.3375000000001,4.375,Light
1987-08-30,Jacksonville,28.224999999999998,0,1018.575,3.25,Light
1987-08-31,Jacksonville,27.375,1,1017.95,2.125,Light
1987-09-01,Jacksonville,26.612500000000004,0.5,1016.5124999999999,3.625,Light
1987-09-02,Jacksonville,23.9875,33,1016.3875,3.125,Light
1987-09-03,Jacksonville,24.737499999999997,26.3,1015.7125,4.5,Light
1987-09-04,Jacksonville,24.525,27.5,1014.8500000000001,6.25,Light
1987-09-05,Jacksonville,26.133333333333336,11,1015.1166666666667,5.166666666666667,Light
1987-09-06,Jacksonville,26.7375,24,1013.8,4.375,Light
1987-09-07,Jacksonville,25.85,10,1012.4875,4.875,Light
1987-09-08,Jacksonville,27.85,0,1012.525,5,Light
1987-09-09,Jacksonville,27.650000000000002,0,1014.475,4.5,Light
1987-09-10,Jacksonville,27.9375,0,1015.9625,3.125,Light
1987-09-11,Jacksonville,27.662499999999998,0,1017.2624999999998,3,Light
1987-09-12,Jacksonville,24.725,23,1017.1750000000001,2.25,Light
1987-09-13,Jacksonville,26.2,0,1015.8375,4.375,Light
1987-09-14,Jacksonville,26.67142857142857,0,1016.3571428571429,3.2857142857142856,Light
1987-09-15,Jacksonville,26.6125,0,1016.7874999999999,2.625,Light
1987-09-16,Jacksonville,26.4125,0,1016.157142857143,3,Light
1987-09-17,Jacksonville,27.450000000000003,0,1015.7125,2.5,Light
1987-09-18,Jacksonville,28,0,1013.925,4.875,Light
1987-09-19,Jacksonville,27.599999999999998,0,1012.1999999999999,4.875,Light
1987-09-20,Jacksonville,27.45,0,1012.05,4.625,Light
1987-09-21,Jacksonville,25.3,0,1014.8124999999999,2.375,Light
1987-09-22,Jacksonville,23.337500000000002,0,1017.1500000000001,1.125,Light
1987-09-23,Jacksonville,24.1875,0,1016.1249999999999,3.25,Light
1987-09-24,Jacksonville,22.025000000000002,0,1015.3125,1.875,Light
1987-09-25,Jacksonville,21.625,0,1015.0374999999999,2,Light
1987-09-26,Jacksonville,21.825000000000003,0,1017.775,3.125,Light
1987-09-27,Jacksonville,22.250000000000004,0,1020.1375,3,Light
1987-09-28,Jacksonville,24.249999999999996,5,1020.825,5.25,Light
1987-09-29,Jacksonville,24.875000000000004,2,1017.7249999999999,4.375,Light
1987-09-30,Jacksonville,24.25,1.5,1009.9,3.625,Light
1987-10-01,Jacksonville,22.25,2,1010.1999999999999,7.875,Light
1987-10-02,Jacksonville,18.974999999999998,0,1016.3374999999999,2.5,Light
1987-10-03,Jacksonville,19.9625,0,1016.5250000000001,5.75,Light
1987-10-04,Jacksonville,15.5,0,1021.1249999999999,8.375,Light
1987-10-05,Jacksonville,15.787500000000001,0,1005.7875,3.625,Light
1987-10-06,Jacksonville,18.442857142857143,0,1014.0285714285714,3,Light
1987-10-07,Jacksonville,19.942857142857147,0,1012.6142857142858,7.428571428571429,Light
1987-10-08,Jacksonville,14.2625,0,1018.975,4.375,Light
1987-10-09,Jacksonville,15.575000000000001,0,1024.45,6.125,Light
1987-10-10,Jacksonville,22.025,0,1024.0375,10.375,Light
1987-10-11,Jacksonville,22.024999999999995,0,1018.6125000000001,10,Light
1987-10-12,Jacksonville,20.724999999999998,0,1011.5625,8.125,Light
1987-10-13,Jacksonville,16.825,0,1013.2,12.25,Moderate
1987-10-14,Jacksonville,14.049999999999999,0,1020.075,10.25,Light
1987-10-15,Jacksonville,15.025000000000002,0,1021.075,9.125,Light
1987-10-16,Jacksonville,15.514285714285716,0,1020.1285714285716,4.142857142857143,Light
1987-10-17,Jacksonville,19.9375,0,1017.7750000000002,8.125,Light
1987-10-18,Jacksonville,19.75,0,1017.0375000000001,5,Light
1987-10-19,Jacksonville,19.116666666666664,0,1016.3666666666668,4.666666666666667,Light
1987-10-20,Jacksonville,22.65,0,1017.0124999999999,3.625,Light
1987-10-21,Jacksonville,21.142857142857142,0,1017.8714285714287,5.285714285714286,Light
1987-10-22,Jacksonville,13.2125,0,1023.8625,10.5,Light
1987-10-23,Jacksonville,13.425,0,1026.1499999999999,6.125,Light
1987-10-24,Jacksonville,18.475,0,1025.8000000000002,5.625,Light
1987-10-25,Jacksonville,19.450000000000003,0,1022.5125,7.375,Light
1987-10-26,Jacksonville,17.485714285714284,2,1017.1714285714286,7.714285714285714,Light
1987-10-27,Jacksonville,17.25,0.8,1013.0874999999999,6.5,Light
1987-10-28,Jacksonville,17.0125,0.8,1015.925,7.25,Light
1987-10-29,Jacksonville,11.9625,0,1021.5625,5,Light
1987-10-30,Jacksonville,12.399999999999999,0,1025.2124999999999,4,Light
NA,Jacksonville,16,0,1026.6625,3.25,Light
2015-05-01,Jacksonville,18.8125,0,1011.2249999999999,6.75,Light
2015-05-02,Jacksonville,17.4875,0,1017.1750000000001,4.125,Light
2015-05-03,Jacksonville,18.6875,0,1020.425,4.75,Light
2015-05-04,Jacksonville,19.575,0,1023.6624999999999,5.125,Light
2015-05-05,Jacksonville,21.062499999999996,0,1023.6625,7.625,Light
2015-05-06,Jacksonville,22.1625,0,1020.0000000000001,8.875,Light
2015-05-07,Jacksonville,21.525000000000002,0,1017.225,6.5,Light
2015-05-08,Jacksonville,22.9875,0,1016.2249999999999,8.125,Light
2015-05-09,Jacksonville,23.55,0,1016.6500000000001,3,Light
2015-05-10,Jacksonville,25.012500000000003,0,1017.8749999999999,4.125,Light
2015-05-11,Jacksonville,26.05,0,1019.4375,5,Light
2015-05-12,Jacksonville,25.7625,0,1020.7625,4.125,Light
2015-05-13,Jacksonville,25.75,0,1020.15,4.625,Light
2015-05-14,Jacksonville,24.725,0,1021.7875,6.75,Light
2015-05-15,Jacksonville,24.237499999999997,0,1023.325,10.125,Light
2015-05-16,Jacksonville,22.7125,0,1023.2625,6,Light
2015-05-17,Jacksonville,22.975,0,1023.1125000000001,5.25,Light
2015-05-18,Jacksonville,24.725,0,1022.4875000000001,6,Light
2015-05-19,Jacksonville,24.787499999999998,0,1018.25,5.625,Light
2015-05-20,Jacksonville,24.525,6,1014.8749999999999,2.25,Light
2015-05-21,Jacksonville,26.45,0,1013.3625000000001,6.75,Light
2015-05-22,Jacksonville,24.525,0,1017.0874999999999,6.25,Light
2015-05-23,Jacksonville,22.987499999999997,0,1023.975,8.25,Light
2015-05-24,Jacksonville,24.8625,0,1024.6375,9.375,Light
2015-05-25,Jacksonville,25.075,0,1023.1375,8.75,Light
2015-05-26,Jacksonville,26.375,0,1022.575,8,Light
2015-05-27,Jacksonville,25.562500000000004,0,1022.525,7,Light
2015-05-28,Jacksonville,23.687500000000004,0,1021.475,5.625,Light
2015-05-29,Jacksonville,23.275000000000002,0,1020.65,3.875,Light
2015-05-30,Jacksonville,22.85,24,1019.5500000000001,4.125,Light
2015-05-31,Jacksonville,24.650000000000002,0,1018.0749999999999,4.625,Light
2015-06-01,Jacksonville,24.7875,0,1017.7375,4.875,Light
2015-06-02,Jacksonville,23.325,36,1016.225,2.625,Light
2015-06-03,Jacksonville,22.724999999999998,6.8,1014.4125,7.625,Light
2015-06-04,Jacksonville,24.725,6,1014.6,4.5,Light
2015-06-05,Jacksonville,24.5125,0.5,1015.8249999999999,4.25,Light
2015-06-06,Jacksonville,25.075,0.5,1013.975,4,Light
2015-06-07,Jacksonville,25.375,0,1015.5500000000001,5.625,Light
2015-06-08,Jacksonville,25.6375,0,1017.7,5.5,Light
2015-06-09,Jacksonville,26.924999999999997,0,1014.8499999999999,6.125,Light
2015-06-10,Jacksonville,24.999999999999996,23,1013.8375,2.25,Light
2015-06-11,Jacksonville,25.075,0,1015.775,4.375,Light
2015-06-12,Jacksonville,26.099999999999998,0,1018.825,4.375,Light
2015-06-13,Jacksonville,26.999999999999996,0,1020.5125,3.75,Light
2015-06-14,Jacksonville,27.2125,0,1019.625,3.875,Light
2015-06-15,Jacksonville,27.225,0,1019.1375,2.625,Light
2015-06-16,Jacksonville,28.275,0,1019.0375,4.5,Light
2015-06-17,Jacksonville,31.21666666666667,0,1018.3666666666667,5.833333333333333,Light
2015-06-18,Jacksonville,28.75,0,1018.0249999999999,4.375,Light
2015-06-19,Jacksonville,27.2875,4,1017.9499999999999,6.25,Light
2015-06-20,Jacksonville,28.037499999999998,18,1017.9,5,Light
2015-06-21,Jacksonville,28.737499999999997,0,1017.9,7.125,Light
2015-06-22,Jacksonville,28.6875,6,1018.1875000000001,6,Light
2015-06-23,Jacksonville,26.9375,79.6,1019.6625,5.625,Light
2015-06-24,Jacksonville,27,6.6,1019.4625,4.375,Light
2015-06-25,Jacksonville,25.55,29,1019.325,3.75,Light
2015-06-26,Jacksonville,25.699999999999996,29.5,1017.6625,5.625,Light
2015-06-27,Jacksonville,27.8375,0,1015.5875,8.25,Light
2015-06-28,Jacksonville,26.67142857142857,2,1014.8571428571429,10.285714285714286,Light
2015-06-29,Jacksonville,24.6375,11,1016.0125,4.75,Light
2015-06-30,Jacksonville,24.862499999999997,0.8,1017.3125000000001,3.75,Light
2015-07-01,Jacksonville,25.9,0.5,1018.275,7.75,Light
2015-07-02,Jacksonville,27.9125,0,1017.7625,8,Light
2015-07-03,Jacksonville,26.1125,1.6,1017.8625,5,Light
2015-07-04,Jacksonville,26.8875,14,1018.45,5.25,Light
2015-07-05,Jacksonville,24.65,17,1020.65,2.125,Light
2015-07-06,Jacksonville,24.599999999999998,9,1020.6750000000001,3.25,Light
2015-07-07,Jacksonville,25.474999999999998,27,1020.3874999999998,2.875,Light
2015-07-08,Jacksonville,25.362499999999997,27,1021.075,3.5,Light
2015-07-09,Jacksonville,27.9125,0,1020.7375000000001,4.375,Light
2015-07-10,Jacksonville,28.3375,0,1020.2499999999999,4.5,Light
2015-07-11,Jacksonville,27.375,0,1019.2375,4.75,Light
2015-07-12,Jacksonville,27.2125,0,1016.5000000000001,3.125,Light
2015-07-13,Jacksonville,27.275,1,1013.8625000000001,4.125,Light
2015-07-14,Jacksonville,29.037499999999994,0,1012.0875,7.5,Light
2015-07-15,Jacksonville,28.0625,2,1012.3,9.125,Light
2015-07-16,Jacksonville,27.712500000000002,0,1013.5125,7,Light
2015-07-17,Jacksonville,27.362499999999997,0,1014.4750000000001,5.25,Light
2015-07-18,Jacksonville,27.224999999999998,0,1015.625,4.25,Light
2015-07-19,Jacksonville,27.137500000000003,0,1015.5625000000001,4.625,Light
2015-07-20,Jacksonville,26.662499999999998,0,1014.275,5.875,Light
2015-07-21,Jacksonville,27.275000000000002,9,1012.8,7.125,Light
2015-07-22,Jacksonville,27.074999999999996,24.6,1012.85,6.25,Light
2015-07-23,Jacksonville,27.925,15,1014.2625,6.125,Light
2015-07-24,Jacksonville,26.675,19,1014.1,4.875,Light
2015-07-25,Jacksonville,26.0375,0,1012.5749999999999,7.75,Light
2015-07-26,Jacksonville,26.1125,6,1012.5875,8.125,Light
2015-07-27,Jacksonville,27.075,0,1012.975,2.5,Light
2015-07-28,Jacksonville,27.3,0,1013.675,4.25,Light
2015-07-29,Jacksonville,27.625,0,1013.95,4.5,Light
2015-07-30,Jacksonville,26.924999999999997,0,1014.1250000000001,3.375,Light
2015-07-31,Jacksonville,28.050000000000004,0,1013.5875,4.125,Light
2015-08-01,Jacksonville,26.175000000000004,4,1013.1249999999999,7,Light
2015-08-02,Jacksonville,25.887499999999996,2.8,1012.2,6.375,Light
2015-08-03,Jacksonville,26.037499999999998,3,1011.1624999999999,7.375,Light
2015-08-04,Jacksonville,26.3125,31,1014.3125,5,Light
2015-08-05,Jacksonville,25.624999999999996,19,1017.8999999999999,5,Light
2015-08-06,Jacksonville,26.599999999999998,0,1016.6375,4,Light
2015-08-07,Jacksonville,26.812499999999996,2,1012.825,7.75,Light
2015-08-08,Jacksonville,26.112499999999997,2,1010.775,6.375,Light
2015-08-09,Jacksonville,27.65,0,1013.85,5.125,Light
2015-08-10,Jacksonville,26.237499999999997,0,1014.9749999999999,3.625,Light
2015-08-11,Jacksonville,26.187500000000004,0,1014.7,3.625,Light
2015-08-12,Jacksonville,27.087500000000002,12.3,1014.2249999999999,7.5,Light
2015-08-13,Jacksonville,26.599999999999998,12,1014.1625,4.75,Light
2015-08-14,Jacksonville,26.799999999999997,0,1017.1125,5.125,Light
2015-08-15,Jacksonville,25.9,0,1017.9499999999999,4.625,Light
2015-08-16,Jacksonville,26.250000000000004,8,1019.0875000000001,4.625,Light
2015-08-17,Jacksonville,26.3875,3,1019.2750000000001,2.5,Light
2015-08-18,Jacksonville,26.449999999999996,8,1017.3874999999999,3.5,Light
2015-08-19,Jacksonville,25.7,34,1016.1375,4.375,Light
2015-08-20,Jacksonville,26.9375,4,1015.775,1.375,Light
2015-08-21,Jacksonville,27.075,7.6,1016.025,4,Light
2015-08-22,Jacksonville,28.4625,0.8,1015.675,5.5,Light
2015-08-23,Jacksonville,26.937499999999996,4,1014.9625,3.75,Light
2015-08-24,Jacksonville,25.4125,41.599999999999994,1014.025,2.625,Light
2015-08-25,Jacksonville,28.462500000000002,0,1012.3249999999999,3.5,Light
2015-08-26,Jacksonville,27.012500000000003,46,1012.525,4.5,Light
2015-08-27,Jacksonville,25.412499999999998,5,1013.4375,3.875,Light
2015-08-28,Jacksonville,25.962500000000002,0.8,1016.2125,3.625,Light
2015-08-29,Jacksonville,24.912500000000005,3,1018.6999999999999,5.375,Light
2015-08-30,Jacksonville,25.5625,31.6,1017.3249999999999,3.125,Light
2015-08-31,Jacksonville,25.549999999999997,9,1016.6875,3.125,Light
2015-09-01,Jacksonville,26.8125,10,1017.7624999999999,2,Light
2015-09-02,Jacksonville,26.525000000000002,21,1017.5375,3.5,Light
2015-09-03,Jacksonville,26.374999999999996,71,1014.4875000000001,4.625,Light
2015-09-04,Jacksonville,28.137499999999996,0,1013.6875,1.5,Light
2015-09-05,Jacksonville,25.4,16,1015.6999999999999,3.125,Light
2015-09-06,Jacksonville,24.987499999999997,6,1016.3875000000002,4.5,Light
2015-09-07,Jacksonville,25.5,0,1015.157142857143,4.125,Light
2015-09-08,Jacksonville,24.7,7.3,1015,4.285714285714286,Light
2015-09-09,Jacksonville,26.4625,5,1015.5124999999999,3,Light
2015-09-10,Jacksonville,26.6125,0,1014.2875000000001,4.375,Light
2015-09-11,Jacksonville,27.762500000000003,0,1013.075,6.875,Light
2015-09-12,Jacksonville,24.575,15,1012.3375000000001,3.625,Light
2015-09-13,Jacksonville,23.6125,11,1012.8875000000002,5,Light
2015-09-14,Jacksonville,21.387500000000003,0,1019.0624999999999,5.375,Light
2015-09-15,Jacksonville,23.250000000000004,11,1022.2499999999999,6.25,Light
2015-09-16,Jacksonville,23.125,53,1022.325,4.875,Light
2015-09-17,Jacksonville,22.825000000000003,18,1017.7374999999998,5.25,Light
2015-09-18,Jacksonville,23.4,40.599999999999994,1010.7125000000001,9.375,Light
2015-09-19,Jacksonville,24.775000000000002,0.5,1010.2750000000001,7.25,Light
2015-09-20,Jacksonville,25.349999999999998,0,1012.625,2.125,Light
2015-09-21,Jacksonville,24.875000000000004,0,1013.8125,1.5,Light
2015-09-22,Jacksonville,24.725,0,1014.55,5.5,Light
2015-09-23,Jacksonville,22.775000000000002,0,1015.3999999999999,8.25,Light
2015-09-24,Jacksonville,22.575000000000003,18,1014.325,8.625,Light
2015-09-25,Jacksonville,21.6625,0,1014.425,5.125,Light
2015-09-26,Jacksonville,24.525000000000002,0.6,1014.4375,5.375,Light
2015-09-27,Jacksonville,24.7125,0.3,1015.0374999999999,7.625,Light
2015-09-28,Jacksonville,25.35,0.8,1013.4125,6.25,Light
2015-09-29,Jacksonville,25.775000000000002,10.8,1010.2624999999999,4,Light
2015-09-30,Jacksonville,25.400000000000002,0.3,1008.0125,2.125,Light
2015-10-01,Jacksonville,25.6875,2,1006.2625,4.625,Light
2015-10-02,Jacksonville,22.7875,0,1003.775,7.875,Light
2015-10-03,Jacksonville,20.419999999999998,0,1001.68,8.8,Light
2015-10-04,Jacksonville,19.025,0,1004.1,6.875,Light
2015-10-05,Jacksonville,19.8625,0,1007.025,5.5,Light
2015-10-06,Jacksonville,19.662499999999998,0,1013.1374999999999,6.5,Light
2015-10-07,Jacksonville,20.75,0,1015.7875,4.5,Light
2015-10-08,Jacksonville,21.262500000000003,0,1017.45,5,Light
2015-10-09,Jacksonville,23.962500000000002,0,1018.1374999999999,4.5,Light
2015-10-10,Jacksonville,23.412499999999998,1.1,1014.7625,3.875,Light
2015-10-11,Jacksonville,20.7625,0.5,1012.4875,4.375,Light
2015-10-12,Jacksonville,20.075,0,1012.6625,4.875,Light
2015-10-13,Jacksonville,20.6125,0,1012.1750000000001,3.875,Light
2015-10-14,Jacksonville,23.9,0,1013.2250000000001,6,Light
2015-10-15,Jacksonville,19.1,0,1017.7125,2.75,Light
2015-10-16,Jacksonville,19.925,0,1019.8625000000001,0.875,Light
2015-10-17,Jacksonville,19.525000000000002,0,1018.8,5.625,Light
2015-10-18,Jacksonville,17.4375,0,1022.3000000000002,10.5,Light
2015-10-19,Jacksonville,15.150000000000002,0,1026.7,9.625,Light
2015-10-20,Jacksonville,18.05,0,1025.7125,12.25,Moderate
2015-10-21,Jacksonville,20.8875,0,1023.9624999999999,10,Light
2015-10-22,Jacksonville,22.0875,1.6,1022.9625,8.125,Light
2015-10-23,Jacksonville,22.1625,0,1020.7375000000001,6.25,Light
2015-10-24,Jacksonville,21.8,0,1019.8625000000001,6.25,Light
2015-10-25,Jacksonville,22.96666666666667,0,1018.8666666666667,6.5,Light
2015-10-26,Jacksonville,23,0,1018.0749999999999,7.625,Light
2015-10-27,Jacksonville,22.562500000000004,0.6,1016.6625000000001,6.25,Light
2015-10-28,Jacksonville,24.087500000000002,1.6,1012.25,6,Light
2015-10-29,Jacksonville,22.15,0,1012.475,6,Light
2015-10-30,Jacksonville,20.349999999999998,0,1014.7625,3.5,Light
2015-10-31,Jacksonville,18.9625,0,1017.5999999999999,3.125,Light
1987-05-01,Perth,14.920000000000002,7.4,1020.0600000000001,8.8,Light
1987-05-02,Perth,13.700000000000001,0.4,1025.8833333333332,2.8333333333333335,Light
1987-05-03,Perth,15.283333333333333,0,1024.1166666666666,2.8333333333333335,Light
1987-05-04,Perth,16.883333333333333,0,1024.1999999999998,3.1666666666666665,Light
1987-05-05,Perth,18.383333333333336,0,1025.3333333333333,3.5,Light
1987-05-06,Perth,21.566666666666666,0,1020.4500000000002,7,Light
1987-05-07,Perth,20.416666666666668,0,1016.5666666666666,5.166666666666667,Light
1987-05-08,Perth,16.599999999999998,10,1010.6,5.5,Light
1987-05-09,Perth,14.600000000000001,44,1009.0333333333333,6.5,Light
1987-05-10,Perth,10.000000000000002,18.4,1015.9500000000002,3.5,Light
1987-05-11,Perth,11.466666666666667,4,1021.5666666666667,8.5,Light
1987-05-12,Perth,12.299999999999999,0,1024.1999999999998,5.666666666666667,Light
1987-05-13,Perth,12.9,0,1025.375,1,Light
1987-05-14,Perth,13.116666666666665,2,1025.8,3.3333333333333335,Light
1987-05-15,Perth,13.833333333333334,0,1028.033333333333,4.166666666666667,Light
1987-05-16,Perth,14.800000000000002,0,1026.6166666666666,5.333333333333333,Light
1987-05-17,Perth,14.450000000000001,0,1023.0166666666665,2.8333333333333335,Light
1987-05-18,Perth,13.516666666666666,0,1023.2166666666668,1.5,Light
1987-05-19,Perth,14.516666666666666,0,1025.2,1.5,Light
1987-05-20,Perth,13.766666666666667,0,1026.4333333333334,0.6666666666666666,Light
1987-05-21,Perth,14.749999999999998,0,1025.7333333333333,2.6666666666666665,Light
1987-05-22,Perth,16.499999999999996,0,1026.3333333333333,0.16666666666666666,Light
1987-05-23,Perth,16.249999999999996,0,1026.9833333333333,1.5,Light
1987-05-24,Perth,16,0,1028.4833333333333,2.3333333333333335,Light
1987-05-25,Perth,15.983333333333333,0,1028.7666666666667,4.333333333333333,Light
1987-05-26,Perth,14.716666666666667,0,1030.4833333333333,3.8333333333333335,Light
1987-05-27,Perth,14.35,0,1027.8999999999999,7.333333333333333,Light
1987-05-28,Perth,13.966666666666669,0,1026.1333333333332,3.1666666666666665,Light
1987-05-29,Perth,14.816666666666668,0,1027.8,7.166666666666667,Light
1987-05-30,Perth,15.449999999999998,0,1026.6666666666667,3.8333333333333335,Light
1987-05-31,Perth,15.100000000000003,0,1022.6833333333334,5,Light
1987-06-01,Perth,15.940000000000001,0,1021.7,12.6,Moderate
1987-06-02,Perth,17,0,1021.2000000000002,10.166666666666666,Light
1987-06-03,Perth,14.9,0.2,1018.4833333333332,7.5,Light
1987-06-04,Perth,15.466666666666667,6,1013.6999999999999,4.333333333333333,Light
1987-06-05,Perth,19.266666666666666,0,1011.7166666666667,5.666666666666667,Light
1987-06-06,Perth,17.8,13,1004.5799999999999,11.4,Moderate
1987-06-07,Perth,14.780000000000001,19.4,1010.1200000000001,3.2,Light
1987-06-08,Perth,15.5,2,1012.5600000000001,9,Light
1987-06-09,Perth,16.866666666666667,10,1015.6,7.666666666666667,Light
1987-06-10,Perth,14.216666666666669,3,1024.05,1.3333333333333333,Light
1987-06-11,Perth,13.799999999999999,0,1025.95,1.5,Light
1987-06-12,Perth,14.1,0,1024.6600000000003,5.8,Light
1987-06-13,Perth,16.56666666666667,0,1020.6666666666669,7.666666666666667,Light
1987-06-14,Perth,18.400000000000002,0,1019.4333333333333,5.833333333333333,Light
1987-06-15,Perth,15.033333333333331,19,1019.6666666666666,5.333333333333333,Light
1987-06-16,Perth,18.28333333333333,9,1012.6500000000001,7.333333333333333,Light
1987-06-17,Perth,14.450000000000001,11,1007.6333333333333,11,Moderate
1987-06-18,Perth,12.566666666666668,20,1004.6166666666668,12.833333333333334,Moderate
1987-06-19,Perth,14.175,60,1008.4250000000001,8.75,Light
1987-06-20,Perth,11.116666666666667,22,1018.0666666666666,9,Light
1987-06-21,Perth,15.649999999999999,12,1020.8833333333333,9.5,Light
1987-06-22,Perth,14.66666666666667,9,1020.8833333333333,7.166666666666667,Light
1987-06-23,Perth,13.85,2,1022.2833333333333,2.6666666666666665,Light
1987-06-24,Perth,16.183333333333334,1.2,1021.9333333333334,4,Light
1987-06-25,Perth,14.633333333333333,4,1021.0833333333334,3.1666666666666665,Light
1987-06-26,Perth,15.299999999999999,3,1020.4166666666666,1.8333333333333333,Light
1987-06-27,Perth,14.733333333333334,4,1020.7166666666666,4.666666666666667,Light
1987-06-28,Perth,14.483333333333333,0.6000000000000001,1020.0666666666666,4,Light
1987-06-29,Perth,13.016666666666666,5,1021.5,2.8333333333333335,Light
1987-06-30,Perth,14.459999999999999,0,1020.1,2.4,Light
1987-07-01,Perth,16.175,3,1020.1,4.75,Light
1987-07-02,Perth,10,0,1013.75,3,Light
1987-07-03,Perth,14.483333333333333,21,1014.5333333333334,7.333333333333333,Light
1987-07-04,Perth,14.33333333333333,10,1024.0833333333333,3.6666666666666665,Light
1987-07-05,Perth,14.383333333333335,0,1025.6499999999999,5.333333333333333,Light
1987-07-06,Perth,15.783333333333333,0,1020.8666666666667,4.5,Light
1987-07-07,Perth,19.2,0,1013.5600000000001,10.4,Light
1987-07-08,Perth,12.516666666666666,15,1023.5833333333334,3.8333333333333335,Light
1987-07-09,Perth,12.633333333333333,0,1026.3500000000001,2.8333333333333335,Light
1987-07-10,Perth,12.579999999999998,0,1026.6399999999999,1.4,Light
1987-07-11,Perth,12.316666666666668,0,1023.0666666666666,3.1666666666666665,Light
1987-07-12,Perth,13.033333333333331,1,1021.2166666666667,4.166666666666667,Light
1987-07-13,Perth,14.35,2.8,1022.7499999999999,4.666666666666667,Light
1987-07-14,Perth,13.583333333333334,2,1024.95,4.666666666666667,Light
1987-07-15,Perth,14.700000000000001,2,1021.9166666666669,4.166666666666667,Light
1987-07-16,Perth,13.6,4,1020.5999999999999,2.8333333333333335,Light
1987-07-17,Perth,11.65,0,1022.7166666666666,0.16666666666666666,Light
1987-07-18,Perth,10.179999999999998,0,1028.3999999999999,5.4,Light
1987-07-19,Perth,8.8,0,1029.7,7.8,Light
1987-07-20,Perth,11.85,0,1025.35,10.833333333333334,Light
1987-07-21,Perth,13.66666666666667,0,1019.2833333333333,10,Light
1987-07-22,Perth,15.64,5.8,1016.3,6,Light
1987-07-23,Perth,14.25,6,1017.4499999999999,9.833333333333334,Light
1987-07-24,Perth,10.516666666666667,5,1024.6166666666668,4.666666666666667,Light
1987-07-25,Perth,11.016666666666667,0,1025.5833333333333,6.833333333333333,Light
1987-07-26,Perth,13.066666666666668,0,1023.0666666666667,8.5,Light
1987-07-27,Perth,15.666666666666666,0,1018.4833333333332,6.166666666666667,Light
1987-07-28,Perth,15.966666666666669,10.2,1011.9,9,Light
1987-07-29,Perth,11.633333333333333,104,1008.9000000000001,9.833333333333334,Light
1987-07-30,Perth,13.616666666666667,11.4,1014.4833333333335,9.833333333333334,Light
1987-07-31,Perth,10.799999999999999,9.2,1018.3000000000001,10,Light
1987-08-01,Perth,8.866666666666665,0.4,1026.7333333333333,2.8333333333333335,Light
1987-08-02,Perth,10.15,0,1027.8666666666668,2.8333333333333335,Light
1987-08-03,Perth,11.116666666666667,0,1028.5333333333335,3.1666666666666665,Light
1987-08-04,Perth,12.116666666666667,0,1030.8666666666666,5.666666666666667,Light
1987-08-05,Perth,13.65,0,1029.9000000000003,5.5,Light
1987-08-06,Perth,14.949999999999998,0,1027.3500000000001,6.666666666666667,Light
1987-08-07,Perth,17.05,0,1027.3,10.833333333333334,Light
1987-08-08,Perth,16.383333333333333,0,1031.3666666666668,14.833333333333334,Moderate
1987-08-09,Perth,15.199999999999998,0,1029.7,9.5,Light
1987-08-10,Perth,16.56,0,1026.42,8.2,Light
1987-08-11,Perth,18.900000000000002,0,1019.9166666666666,4.166666666666667,Light
1987-08-12,Perth,14.316666666666665,15,1013.0333333333333,4,Light
1987-08-13,Perth,12.799999999999999,16,1020.6999999999999,4.666666666666667,Light
1987-08-14,Perth,12.383333333333333,0,1026.5333333333333,4.333333333333333,Light
1987-08-15,Perth,14.74,0,1029.76,3.8,Light
1987-08-16,Perth,14.999999999999998,0,1029.1833333333334,9.666666666666666,Light
1987-08-17,Perth,16.066666666666666,0,1025.5833333333333,6,Light
1987-08-18,Perth,17,0,1021.8166666666666,4.666666666666667,Light
1987-08-19,Perth,17.98333333333333,0,1017.2166666666667,5.333333333333333,Light
1987-08-20,Perth,14.459999999999999,37,1012.1,1.6,Light
1987-08-21,Perth,12.383333333333333,26.2,1017.5499999999998,6.666666666666667,Light
1987-08-22,Perth,11.600000000000001,0.8,1022.6666666666666,4.333333333333333,Light
1987-08-23,Perth,12.166666666666666,0,1020.3333333333334,5,Light
1987-08-24,Perth,14,0,1013.3000000000001,9,Light
1987-08-25,Perth,10.266666666666667,25,1011.0666666666667,7.166666666666667,Light
1987-08-26,Perth,11.739999999999998,7,1025.2400000000002,6.8,Light
1987-08-27,Perth,12.41666666666667,0,1027.25,5,Light
1987-08-28,Perth,13.3,0,1023.8799999999999,4.4,Light
1987-08-29,Perth,15,0,1022.7333333333332,5.333333333333333,Light
1987-08-30,Perth,15,0,1023.6000000000003,12,Moderate
1987-08-31,Perth,14.833333333333334,0,1018.75,9.166666666666666,Light
1987-09-01,Perth,13.816666666666668,0,1020.5166666666668,7.333333333333333,Light
1987-09-02,Perth,13.050000000000002,0,1024.5333333333333,5.666666666666667,Light
1987-09-03,Perth,13.799999999999999,0,1025.4333333333334,5.5,Light
1987-09-04,Perth,13.899999999999999,0,1022.7666666666668,4,Light
1987-09-05,Perth,15.416666666666666,0,1023.6166666666668,6.666666666666667,Light
1987-09-06,Perth,14.283333333333337,0,1030.2166666666665,5,Light
1987-09-07,Perth,14.75,0,1031.05,5.666666666666667,Light
1987-09-08,Perth,17,0,1027.1499999999999,5.333333333333333,Light
1987-09-09,Perth,18.03333333333333,0,1022.4333333333334,5.833333333333333,Light
1987-09-10,Perth,19.25,0,1019.0666666666666,7,Light
1987-09-11,Perth,18.733333333333334,0,1022.1166666666667,8.833333333333334,Light
1987-09-12,Perth,18.616666666666664,0,1023.7999999999998,14.833333333333334,Moderate
1987-09-13,Perth,21.433333333333334,0,1024.75,10.166666666666666,Light
1987-09-14,Perth,20.325,0,1022.875,4.25,Light
1987-09-15,Perth,19.55,0,1021.7833333333333,3.1666666666666665,Light
1987-09-16,Perth,19.940000000000005,0,1019.1600000000001,2.4,Light
1987-09-17,Perth,18.775000000000002,0,1014.3,10.5,Light
1987-09-18,Perth,14.88,8,1016.1200000000001,6.8,Light
1987-09-19,Perth,14.216666666666667,0,1022.9,4.166666666666667,Light
1987-09-20,Perth,15.783333333333333,0,1020.7333333333335,3.3333333333333335,Light
1987-09-21,Perth,17.849999999999998,0,1016.1500000000001,3.1666666666666665,Light
1987-09-22,Perth,18.150000000000002,0,1012.0250000000001,7,Light
1987-09-23,Perth,13.983333333333334,21,1016.3166666666666,8.5,Light
1987-09-24,Perth,14.233333333333333,0,1019.3333333333334,4,Light
1987-09-25,Perth,16.166666666666664,0,1011.9666666666667,11.666666666666666,Moderate
1987-09-26,Perth,9.95,9,1015.7666666666665,8.333333333333334,Light
1987-09-27,Perth,11.266666666666666,4,1023.65,7,Light
1987-09-28,Perth,12.433333333333335,0,1025.6000000000001,6.333333333333333,Light
1987-09-29,Perth,15.666666666666666,0,1026.6333333333332,10.833333333333334,Light
1987-09-30,Perth,19.28333333333333,0,1024.4166666666667,9,Light
1987-10-01,Perth,21.399999999999995,0,1020.6833333333333,7.166666666666667,Light
1987-10-02,Perth,22.9,0,1014.26,8.8,Light
1987-10-03,Perth,16.15,0.2,1018.1166666666667,6,Light
1987-10-04,Perth,20.8,1,1016.9666666666667,8.666666666666666,Light
1987-10-05,Perth,19.999999999999996,0,1014.3000000000001,4.833333333333333,Light
1987-10-06,Perth,16.683333333333334,5.4,1015.6833333333333,5.166666666666667,Light
1987-10-07,Perth,16.8,0.4,1016.3000000000001,7.333333333333333,Light
1987-10-08,Perth,16.7,0,1019.2166666666667,7.833333333333333,Light
1987-10-09,Perth,18.516666666666666,0,1021.7166666666667,9.666666666666666,Light
1987-10-10,Perth,16.416666666666664,0,1020.25,21.833333333333332,Fresh
1987-10-11,Perth,20.66,0,1012.78,14.6,Moderate
1987-10-12,Perth,18.066666666666666,0,1009.9333333333334,7.166666666666667,Light
1987-10-13,Perth,16.94,3,1012.22,11.8,Moderate
1987-10-14,Perth,12.333333333333334,4.8,1014.8166666666667,10.833333333333334,Light
1987-10-15,Perth,14.183333333333332,2,1020.0666666666667,6.833333333333333,Light
1987-10-16,Perth,15.720000000000004,0,1020.3800000000001,6.4,Light
1987-10-17,Perth,17.083333333333332,0,1020.2666666666668,11.5,Moderate
1987-10-18,Perth,18.516666666666666,0,1014.3666666666667,7.833333333333333,Light
1987-10-19,Perth,17.366666666666667,0,1015.1666666666666,7,Light
1987-10-20,Perth,17.650000000000002,0,1017.4666666666667,7.333333333333333,Light
1987-10-21,Perth,15.799999999999999,0,1018.8666666666668,10.833333333333334,Light
1987-10-22,Perth,15.149999999999997,0,1019.1,9.666666666666666,Light
1987-10-23,Perth,17.04,0,1019,8.2,Light
1987-10-24,Perth,17.333333333333332,0,1018.7000000000002,8.166666666666666,Light
1987-10-25,Perth,17.566666666666666,0,1017.8000000000001,9.5,Light
1987-10-26,Perth,16.95,0,1019.1333333333333,11.666666666666666,Moderate
1987-10-27,Perth,16.48,0,1018.4800000000001,8.4,Light
1987-10-28,Perth,24.459999999999997,0,1011.3800000000001,6.8,Light
1987-10-29,Perth,19.983333333333334,0,1011.0333333333333,8.166666666666666,Light
1987-10-30,Perth,18.333333333333332,3,1012.0333333333333,7.333333333333333,Light
NA,Perth,12.850000000000001,7,1011.7666666666665,6.833333333333333,Light
2015-05-01,Perth,15.774999999999999,0,1018.2249999999999,9.25,Light
2015-05-02,Perth,16.44375,0,1014.6749999999997,8,Light
2015-05-03,Perth,16.075000000000003,7,1014.1750000000001,13,Moderate
2015-05-04,Perth,9.7,6.6000000000000005,1025.8874999999998,6.375,Light
2015-05-05,Perth,11.987500000000002,0.2,1027.7125,5,Light
2015-05-06,Perth,13.843749999999998,0,1028.74375,5.3125,Light
2015-05-07,Perth,13.9625,0,1028.3125,5.1875,Light
2015-05-08,Perth,15.206666666666669,0,1026.56,5.333333333333333,Light
2015-05-09,Perth,15,0,1027.45,4.0625,Light
2015-05-10,Perth,16.51875,0,1027.3,6.6875,Light
2015-05-11,Perth,18.0375,0,1027.19375,10.125,Light
2015-05-12,Perth,17.34375,0,1028.0125,13.375,Moderate
2015-05-13,Perth,18.1875,0,1027.125,12.3125,Moderate
2015-05-14,Perth,20.05,0,1024.8,9.5,Light
2015-05-15,Perth,22.231249999999996,0,1018.29375,13.75,Moderate
2015-05-16,Perth,13.59375,35,1010.3125,14.125,Moderate
2015-05-17,Perth,14.85,102,1007.2625,8.6875,Light
2015-05-18,Perth,15.174999999999999,38,1018.6875,7.4375,Light
2015-05-19,Perth,12.03125,0.6000000000000001,1026.5,8.8125,Light
2015-05-20,Perth,12.59375,0.2,1028.075,12.625,Moderate
2015-05-21,Perth,14.325,0,1023.1437499999998,10.6875,Light
2015-05-22,Perth,13.387500000000001,0,1018.1062499999998,5.75,Light
2015-05-23,Perth,13.943749999999998,0,1019.71875,5.0625,Light
2015-05-24,Perth,14.20625,0,1021.4687499999999,4.4375,Light
2015-05-25,Perth,14.175,0,1021.9312500000002,4.5625,Light
2015-05-26,Perth,13.05,0,1023.1249999999998,5.125,Light
2015-05-27,Perth,11.36875,0,1022.4875,7.125,Light
2015-05-28,Perth,12.206250000000002,0,1024.3312500000002,6.25,Light
2015-05-29,Perth,13.943749999999998,0,1025.2625,7.25,Light
2015-05-30,Perth,13.031249999999998,0,1024.4187500000003,4.375,Light
2015-05-31,Perth,13.387500000000003,0,1020.88125,4.5625,Light
2015-06-01,Perth,15.531249999999998,1,1013.6312499999999,9.25,Light
2015-06-02,Perth,16.112499999999997,9.8,1014.3750000000001,9.4375,Light
2015-06-03,Perth,16.887499999999996,8,1020.5062499999999,8.3125,Light
2015-06-04,Perth,15.887500000000001,2,1022.35625,5.5625,Light
2015-06-05,Perth,15.999999999999996,0,1020.6062499999999,4.75,Light
2015-06-06,Perth,13.68125,0,1023.26875,5.75,Light
2015-06-07,Perth,12.91875,0,1025.59375,3.875,Light
2015-06-08,Perth,14.825000000000001,0,1026.3312500000002,8.75,Light
2015-06-09,Perth,16.918750000000003,0,1025.3312500000002,12.875,Moderate
2015-06-10,Perth,18.018749999999997,0,1021.2687500000001,9.3125,Light
2015-06-11,Perth,17.66875,0,1017.73125,6.1875,Light
2015-06-12,Perth,15.05,0,1019.8312500000001,7.4375,Light
2015-06-13,Perth,13.237499999999997,0,1021.8062500000002,6.5625,Light
2015-06-14,Perth,12.700000000000001,0,1021.7625,7.8125,Light
2015-06-15,Perth,13.775,0,1020.3375000000001,10.3125,Light
2015-06-16,Perth,17.050000000000004,0,1017.6125,13.3125,Moderate
2015-06-17,Perth,15.931249999999997,0.4,1013.175,14.125,Moderate
2015-06-18,Perth,16.9625,28,1011.1999999999998,8.5,Light
2015-06-19,Perth,18.456249999999997,30.4,1012.7249999999999,8.0625,Light
2015-06-20,Perth,17.450000000000003,34.2,1010.3312499999998,8.8125,Light
2015-06-21,Perth,12.306666666666667,63,1012.1466666666668,11.466666666666667,Moderate
2015-06-22,Perth,8.756250000000001,16,1024.6687499999998,8.25,Light
2015-06-23,Perth,9.218750000000002,0,1029.0125,4.9375,Light
2015-06-24,Perth,12.012500000000001,0,1028.45,7.3125,Light
2015-06-25,Perth,12.656250000000002,0,1025.8999999999999,5.8125,Light
2015-06-26,Perth,14.4625,0,1028.65,7,Light
2015-06-27,Perth,13.156249999999998,0,1029.5562499999999,12.5625,Moderate
2015-06-28,Perth,14.01875,0,1026.84375,10.875,Light
2015-06-29,Perth,14.749999999999998,0,1023.6062499999998,6.875,Light
2015-06-30,Perth,16.275000000000002,0,1022.84375,6.1875,Light
2015-07-01,Perth,15.76875,2.4,1023.6625000000001,6.6875,Light
2015-07-02,Perth,15.643749999999999,6,1021.9875000000001,6.125,Light
2015-07-03,Perth,15.037499999999998,2,1022.6124999999998,5.1875,Light
2015-07-04,Perth,14.968750000000002,4.2,1021.6812500000001,5.1875,Light
2015-07-05,Perth,13.0625,3.4000000000000004,1021.5562499999997,5.4375,Light
2015-07-06,Perth,14.924999999999999,7.6,1020.7875,5.6875,Light
2015-07-07,Perth,13.887500000000003,15,1020.1624999999999,8.4375,Light
2015-07-08,Perth,8.18125,4,1026.9125,7.9375,Light
2015-07-09,Perth,10.268749999999999,0,1026.95625,4.9375,Light
2015-07-10,Perth,9.8875,1,1029.7875,4.5625,Light
2015-07-11,Perth,9.46875,0.2,1032.9125,7.3125,Light
2015-07-12,Perth,10.981249999999998,0,1031.1625,7.625,Light
2015-07-13,Perth,11.925000000000002,0,1030.2687499999997,9,Light
2015-07-14,Perth,13.193749999999998,0,1030.25,11.1875,Moderate
2015-07-15,Perth,13.112499999999999,0,1028.01875,13.0625,Moderate
2015-07-16,Perth,14.506249999999998,0,1024.16875,12.0625,Moderate
2015-07-17,Perth,15.55625,0.4,1022.2125,6.9375,Light
2015-07-18,Perth,15.9875,0.2,1021.26875,5.5,Light
2015-07-19,Perth,15.5375,12.2,1013.025,9.25,Light
2015-07-20,Perth,13.60625,38.4,1009.4187500000002,8.25,Light
2015-07-21,Perth,11.09375,10,1017.8187499999998,5.125,Light
2015-07-22,Perth,12.743749999999999,8,1017.1624999999999,7.75,Light
2015-07-23,Perth,9.075,9,1024.3312499999997,6.0625,Light
2015-07-24,Perth,11.686666666666667,0,1027.2599999999998,5.733333333333333,Light
2015-07-25,Perth,10.249999999999998,0.2,1028.9375,5,Light
2015-07-26,Perth,12.1125,0,1030.7625000000003,8.375,Light
2015-07-27,Perth,15.525000000000002,0,1024.7625,8.5,Light
2015-07-28,Perth,13.156250000000002,15.4,1016.9875,9.375,Light
2015-07-29,Perth,16.856250000000003,9.8,1019.0562500000001,5.8125,Light
2015-07-30,Perth,17.3,18.6,1016.85625,10.125,Light
2015-07-31,Perth,16.25,16.2,1013.79375,8.4375,Light
2015-08-01,Perth,10.91875,0.4,1027.76875,9.375,Light
2015-08-02,Perth,10.15,0,1033.6437500000002,6.5625,Light
2015-08-03,Perth,12.274999999999999,0,1033.2937499999998,6.5,Light
2015-08-04,Perth,12.1875,0,1031.1124999999997,7.4375,Light
2015-08-05,Perth,12.974999999999998,0,1025.7624999999998,10.875,Light
2015-08-06,Perth,14.9,0.2,1017.8312500000001,8.5625,Light
2015-08-07,Perth,12.900000000000002,2.4,1013.9687499999999,5.75,Light
2015-08-08,Perth,9.033333333333333,20,1017.4266666666666,9.066666666666666,Light
2015-08-09,Perth,9.856250000000001,7.800000000000001,1022.2374999999998,4.875,Light
2015-08-10,Perth,13.743749999999999,15,1022.1687499999999,9.875,Light
2015-08-11,Perth,11.306249999999999,4,1029.475,6.6875,Light
2015-08-12,Perth,14.475000000000001,0,1028.91875,4.9375,Light
2015-08-13,Perth,12.8875,0,1025.8,4.6875,Light
2015-08-14,Perth,16.06875,0,1022.18125,6.3125,Light
2015-08-15,Perth,19.51875,0,1020.2749999999999,7.4375,Light
2015-08-16,Perth,17.96875,3,1021.0062500000001,5.8125,Light
2015-08-17,Perth,16.371428571428574,13,1016.3714285714287,7.571428571428571,Light
2015-08-18,Perth,15.26875,4.6000000000000005,1015.5937499999998,8.0625,Light
2015-08-19,Perth,14.95625,32,1010.3874999999999,10.125,Light
2015-08-20,Perth,13.656249999999998,28,1014.03125,8.4375,Light
2015-08-21,Perth,10.20625,63,1012.7375,7.25,Light
2015-08-22,Perth,11.956249999999999,22,1021.78125,6,Light
2015-08-23,Perth,12.525,0,1028.6625,6.875,Light
2015-08-24,Perth,12.99375,0,1028.48125,12.125,Moderate
2015-08-25,Perth,13.86875,0,1023.8812499999999,10.875,Light
2015-08-26,Perth,15.61875,0,1019.5625,9.6875,Light
2015-08-27,Perth,17.55625,0,1015.2874999999999,8.75,Light
2015-08-28,Perth,16.025,3,1014.9250000000001,6.8125,Light
2015-08-29,Perth,16.318749999999998,13,1013.91875,8.625,Light
2015-08-30,Perth,12.68125,12.599999999999998,1020.0500000000002,6.9375,Light
2015-08-31,Perth,11.86875,9,1019.0312500000001,10.25,Light
2015-09-01,Perth,9.625,4,1024.8437500000002,9.125,Light
2015-09-02,Perth,11.837499999999999,0,1025.34375,7.8125,Light
2015-09-03,Perth,12.68125,0,1019.4999999999999,6.75,Light
2015-09-04,Perth,15.475,14,1017.0812500000002,7.5625,Light
2015-09-05,Perth,12.29375,15.799999999999999,1024.2125,8.75,Light
2015-09-06,Perth,12.343750000000002,0.6,1028.0437499999998,6.1875,Light
2015-09-07,Perth,16.25625,0,1025.34375,6.75,Light
2015-09-08,Perth,19.08125,0,1020.7625,9.0625,Light
2015-09-09,Perth,22.45,0,1015.15625,10.375,Light
2015-09-10,Perth,14.156250000000002,25,1017.0437499999999,7.75,Light
2015-09-11,Perth,16.66,16.4,1016.0333333333333,12.533333333333333,Moderate
2015-09-12,Perth,11.173333333333336,23.2,1018.4133333333333,9.866666666666667,Light
2015-09-13,Perth,12.05625,7,1025.3812500000001,7.5,Light
2015-09-14,Perth,13.649999999999997,0,1026.65,8.8125,Light
2015-09-15,Perth,11.825000000000001,0,1027.4624999999999,8.5,Light
2015-09-16,Perth,13.6125,0,1025.93125,8.125,Light
2015-09-17,Perth,15.525000000000002,0,1022.4999999999999,4.8125,Light
2015-09-18,Perth,17.712500000000002,0,1021.6125,8.9375,Light
2015-09-19,Perth,14.10625,0,1026.6374999999998,11.625,Moderate
2015-09-20,Perth,14.206249999999999,0,1028.6937500000001,9.4375,Light
2015-09-21,Perth,16.424999999999997,0,1027.3875,12.5,Moderate
2015-09-22,Perth,19.05,0,1025.075,10.8125,Light
2015-09-23,Perth,22.23125,0,1021.56875,9.1875,Light
2015-09-24,Perth,20.074999999999996,0,1018.4812499999999,8.6875,Light
2015-09-25,Perth,15.712499999999997,0,1021.5874999999999,9.125,Light
2015-09-26,Perth,17.08125,0,1023.0312500000001,10.625,Light
2015-09-27,Perth,18.70625,0,1019.56875,13.4375,Moderate
2015-09-28,Perth,17.96875,0,1015.9437499999999,7,Light
2015-09-29,Perth,15.61875,0,1020.2374999999997,6.375,Light
2015-09-30,Perth,17.881249999999998,0,1024.0375,6.75,Light
2015-10-01,Perth,19.89375,0,1019.8625,7.1875,Light
2015-10-02,Perth,19.55,0,1019.9687500000002,5.4375,Light
2015-10-03,Perth,19.725,0.2,1021.7750000000001,7.625,Light
2015-10-04,Perth,19.28125,0.4,1018.31875,10.5,Light
2015-10-05,Perth,13.925000000000002,2,1023.5874999999999,13,Moderate
2015-10-06,Perth,14.95,0,1026.65625,9.9375,Light
2015-10-07,Perth,19.768749999999997,0,1020.9499999999999,9,Light
2015-10-08,Perth,21.887500000000003,0,1020.3062499999999,9,Light
2015-10-09,Perth,22.999999999999996,0,1020.4133333333333,5.266666666666667,Light
2015-10-10,Perth,23.887499999999996,0,1020.9749999999999,6.5625,Light
2015-10-11,Perth,25.14375,0,1019.46875,9.8125,Light
2015-10-12,Perth,22.36875,0,1016.14375,7.625,Light
2015-10-13,Perth,20.1,0,1012.8687499999997,6.875,Light
2015-10-14,Perth,16.39375,6.2,1016.50625,9.6875,Light
2015-10-15,Perth,12.799999999999999,2,1022.6437500000001,7.9375,Light
2015-10-16,Perth,15.724999999999998,0,1021.2,8.9375,Light
2015-10-17,Perth,19.60625,0,1014.9000000000002,8.625,Light
2015-10-18,Perth,15.98125,1.4,1018.8625000000001,8.6875,Light
2015-10-19,Perth,15.3125,0.8,1021.86875,7.25,Light
2015-10-20,Perth,19.906249999999996,0,1019.0312500000001,8.8125,Light
2015-10-21,Perth,22.056250000000006,0,1015.1499999999999,8.4375,Light
2015-10-22,Perth,19.35625,0,1015.0187500000002,7.8125,Light
2015-10-23,Perth,17.837500000000002,0,1017.65,11.0625,Moderate
2015-10-24,Perth,19.25,0,1017.8812499999999,12.375,Moderate
2015-10-25,Perth,19.712500000000002,1.7999999999999998,1018.08125,10.0625,Light
2015-10-26,Perth,21.2875,0.6,1016.1625,12.25,Moderate
2015-10-27,Perth,20.9875,2,1014.1937499999999,9.9375,Light
2015-10-28,Perth,20.562499999999996,2.6000000000000005,1014.99375,7.4375,Light
2015-10-29,Perth,20.986666666666665,0.2,1015.1866666666666,6.733333333333333,Light
2015-10-30,Perth,20.799999999999997,12,1015.4499999999998,7.8125,Light
2015-10-31,Perth,18.78125,10.399999999999999,1015.6874999999999,8.5,Light
